"SNP","variant","beta","se","pval","effect_allele","other_allele","chr","tstat","N"
"rs115866895","1:1592638:A:G",0.00664101,0.00257472,0.00990019,"G","A","1",2.57932,240547
"rs4648450","1:2723214:C:A",0.00608425,0.00226643,0.00726404,"A","C","1",2.68451,240547
"rs12024554","1:19925759:C:T",-0.00229435,0.00265544,0.387579,"T","C","1",-0.864017,240547
"rs1097327","1:23334339:T:C",0.00336366,0.00303657,0.267986,"C","T","1",1.10772,240547
"rs3737992","1:33234128:G:A",0.0113955,0.00301774,0.000159306,"A","G","1",3.77616,240547
"rs12031634","1:34584393:G:A",0.00275798,0.00247253,0.264659,"A","G","1",1.11545,240547
"rs61743745","1:40036944:G:A",0.00535715,0.00661729,0.418189,"A","G","1",0.809569,240547
"rs12144626","1:47670525:T:C",0.00120379,0.00228352,0.598079,"C","T","1",0.527166,240547
"rs1167311","1:49996959:G:A",-0.00129318,0.0024273,0.594197,"A","G","1",-0.532765,240547
"rs12140153","1:62579891:G:T",-0.00320975,0.00392245,0.413186,"T","G","1",-0.818302,240547
"rs2186120","1:66453163:G:A",-0.0083643,0.00226843,0.000226732,"A","G","1",-3.68726,240547
"rs34361149","1:72750470:G:A",0.00868775,0.00283961,0.00221745,"A","G","1",3.05948,240547
"rs7553158","1:75005238:G:A",0.00462869,0.00227028,0.0414688,"A","G","1",2.03882,240547
"rs12049202","1:77967523:C:T",-0.00460953,0.0028089,0.100789,"T","C","1",-1.64104,240547
"rs2166172","1:91208514:A:C",-0.00856546,0.00232841,0.000234496,"C","A","1",-3.67868,240547
"rs2181375","1:96940119:A:G",0.00190541,0.00229538,0.406478,"G","A","1",0.830109,240547
"rs75641275","1:98327133:A:C",-0.0120212,0.00318785,0.000162666,"C","A","1",-3.77095,240547
"rs17024393","1:110154688:T:C",0.00697458,0.00712954,0.327945,"C","T","1",0.978264,240547
"rs6687953","1:112293512:A:G",-0.00880551,0.00230445,0.000132898,"G","A","1",-3.82109,240547
"rs61813324","1:156049877:C:T",-0.00959163,0.00332256,0.00389186,"T","C","1",-2.88682,240547
"rs1778830","1:156489974:G:A",-0.00234682,0.00234116,0.316142,"A","G","1",-1.00242,240547
"rs61826867","1:174377435:A:G",0.00441538,0.00359536,0.21942,"G","A","1",1.22808,240547
"rs539515","1:177889025:A:C",-0.000499154,0.00277234,0.857115,"C","A","1",-0.180048,240547
"rs815163","1:190294726:T:C",-0.000372876,0.00226535,0.869259,"C","T","1",-0.1646,240547
"rs10921760","1:195036225:T:C",0.00396286,0.00232523,0.0883293,"C","T","1",1.70428,240547
"rs2678204","1:201800511:T:G",-0.00779325,0.00236856,0.00100096,"G","T","1",-3.2903,240547
"rs17014332","1:209520450:T:C",-0.00579959,0.00275062,0.0349919,"C","T","1",-2.10846,240547
"rs170553","1:210224614:G:A",0.003653,0.00228068,0.10922,"A","G","1",1.60172,240547
"rs12037698","1:243584345:G:A",0.0139077,0.00323722,1.73838e-05,"A","G","1",4.29618,240547
"rs563738408","2:420443:G:A",-0.00842597,0.00642258,0.189545,"A","G","2",-1.31193,240547
"rs6751993","2:635864:A:G",-0.0108518,0.00302401,0.000332599,"G","A","2",-3.58854,240547
"rs2141004","2:6194359:A:C",0.00359645,0.00256617,0.16107,"C","A","2",1.40149,240547
"rs6752378","2:25150116:C:A",0.00130791,0.00225018,0.561075,"A","C","2",0.581246,240547
"rs935166","2:26949366:G:A",0.00636184,0.00224796,0.0046544,"A","G","2",2.83005,240547
"rs10185199","2:40282202:G:A",0.00367654,0.00257539,0.153419,"A","G","2",1.42756,240547
"rs35722922","2:47002226:A:G",0.000590435,0.00231739,0.79889,"G","A","2",0.254785,240547
"rs6545144","2:50241865:T:A",0.00409206,0.00301487,0.17469,"A","T","2",1.35729,240547
"rs3806572","2:55238677:G:A",-0.00592644,0.00247953,0.0168425,"A","G","2",-2.39015,240547
"rs4671328","2:58935282:T:G",0.00219342,0.0022798,0.335994,"G","T","2",0.962112,240547
"rs6545714","2:59307725:G:A",-0.00100394,0.00230177,0.662722,"A","G","2",-0.436158,240547
"rs2861685","2:67837553:T:C",-0.00032651,0.00227968,0.886112,"C","T","2",-0.143226,240547
"rs7557796","2:86766153:T:C",0.000241486,0.00235118,0.918194,"C","T","2",0.102708,240547
"rs13002946","2:100801959:T:A",0.0128045,0.00255621,5.47033e-07,"A","T","2",5.00917,240547
"rs72820274","2:104412924:G:A",-0.00883292,0.00228469,0.000110601,"A","G","2",-3.86614,240547
"rs754481","2:105480198:C:A",-0.000159279,0.00249597,0.949118,"A","C","2",-0.0638143,240547
"rs72844755","2:133461865:A:C",-0.00150165,0.00415449,0.717761,"C","A","2",-0.361454,240547
"rs1446585","2:136407479:A:G",0.00864448,0.00270749,0.00140915,"G","A","2",3.19281,240547
"rs115584509","2:145629568:G:T",-0.00554717,0.00441332,0.208785,"T","G","2",-1.25692,240547
"rs593010","2:147845911:G:C",0.00314371,0.00232141,0.175667,"C","G","2",1.35422,240547
"rs80330591","2:159368720:G:A",-0.0029169,0.00318948,0.360434,"A","G","2",-0.914539,240547
"rs10803762","2:161105876:G:A",-0.00694448,0.0024148,0.00403046,"A","G","2",-2.8758,240547
"rs12619626","2:166148746:A:G",0.0106274,0.00260678,4.5669e-05,"G","A","2",4.07683,240547
"rs199750218","2:175062163:T:G",0.000425562,0.00236267,0.857059,"G","T","2",0.18012,240547
"rs12479357","2:181570507:A:G",-0.00544364,0.00234042,0.0200233,"G","A","2",-2.32593,240547
"rs1064213","2:198950240:G:A",-0.0061417,0.00225227,0.00639392,"A","G","2",-2.72689,240547
"rs4482463","2:205375909:C:A",-0.00218014,0.00425522,0.60841,"A","C","2",-0.512344,240547
"rs16846140","2:212292521:A:G",-0.00298814,0.00237791,0.208891,"G","A","2",-1.25662,240547
"rs13427822","2:213414265:A:G",0.00646252,0.002561,0.011622,"G","A","2",2.52344,240547
"rs4485556","2:220157418:A:C",0.00322001,0.0029227,0.270582,"C","A","2",1.10173,240547
"rs72967047","2:228998742:A:G",-0.00542911,0.00265382,0.04078,"G","A","2",-2.04577,240547
"rs35882248","2:230627955:C:T",0.00147089,0.00242334,0.543874,"T","C","2",0.606966,240547
"rs2569993","3:12926096:T:C",-0.00379553,0.00241713,0.116355,"C","T","3",-1.57026,240547
"rs6772763","3:15702641:T:C",0.00551085,0.00227577,0.015456,"C","T","3",2.42153,240547
"rs34373881","3:20432033:G:A",0.00491742,0.00251495,0.0505514,"A","G","3",1.95528,240547
"rs9847186","3:25081857:G:A",-0.00306857,0.00227898,0.178154,"A","G","3",-1.34646,240547
"rs13062093","3:35667057:T:G",-0.00257679,0.00233264,0.269306,"G","T","3",-1.10466,240547
"rs4377469","3:42303074:G:T",8.98331e-05,0.00353747,0.97974,"T","G","3",0.0253947,240547
"rs13076052","3:44456573:C:G",-0.00777138,0.00252794,0.00211094,"G","C","3",-3.0742,240547
"rs9843653","3:49920571:T:C",-0.0153293,0.0022539,1.03982e-11,"C","T","3",-6.80121,240547
"rs762705","3:50313527:A:C",0.00898068,0.00314992,0.00435747,"C","A","3",2.85108,240547
"rs815715","3:61264084:C:G",-0.00189631,0.00228606,0.406817,"G","C","3",-0.829509,240547
"rs6769617","3:62687746:A:T",0.000996719,0.00237925,0.675274,"T","A","3",0.418921,240547
"rs550669262","3:82634023:G:A",-0.00753596,0.00258618,0.00356941,"A","G","3",-2.91393,240547
"rs75557510","3:84321469:A:G",0.00367968,0.00478253,0.441656,"G","A","3",0.769401,240547
"rs10865612","3:85868529:T:C",0.00326712,0.002356,0.165527,"C","T","3",1.38672,240547
"rs1454687","3:94038085:C:G",0.0073334,0.00225007,0.00111749,"G","C","3",3.25918,240547
"rs6780459","3:104624105:A:T",-0.00216518,0.00258866,0.402926,"T","A","3",-0.836409,240547
"rs80082351","3:114415926:A:G",0.00252402,0.00467623,0.589367,"G","A","3",0.539755,240547
"rs1225004","3:131626991:T:C",0.000721591,0.00251165,0.773884,"C","T","3",0.287298,240547
"rs1471740","3:136328270:T:C",-0.00457786,0.00257259,0.0751636,"C","T","3",-1.77947,240547
"rs2035936","3:141298124:G:T",-0.00780579,0.00494743,0.114625,"T","G","3",-1.57775,240547
"rs355777","3:154034950:G:C",-0.00292205,0.00229271,0.202488,"C","G","3",-1.2745,240547
"rs6776471","3:161438118:C:A",-0.00287562,0.00225724,0.202679,"A","C","3",-1.27396,240547
"rs73169730","3:170734438:A:G",-0.00575871,0.00251309,0.0219359,"G","A","3",-2.29149,240547
"rs2606228","3:183537759:A:C",0.00244654,0.00238351,0.304684,"C","A","3",1.02644,240547
"rs869400","3:185826740:T:G",-0.00475673,0.00289583,0.100464,"G","T","3",-1.64261,240547
"rs2051559","4:3298800:T:C",-0.0126355,0.00330631,0.000132603,"C","T","4",-3.82163,240547
"rs66679256","4:18351898:C:T",-0.0016558,0.00227209,0.466152,"T","C","4",-0.728756,240547
"rs34811474","4:25408838:G:A",0.0110592,0.00266869,3.4134e-05,"A","G","4",4.14405,240547
"rs73213484","4:28489339:A:T",-0.000910875,0.00325528,0.77962,"T","A","4",-0.279815,240547
"rs4261944","4:31003636:T:G",-0.00189138,0.00234192,0.41931,"G","T","4",-0.807621,240547
"rs10938397","4:45182527:A:G",-0.00171249,0.00227299,0.451205,"G","A","4",-0.753409,240547
"rs6831020","4:55500226:C:A",-0.00133492,0.00246359,0.587917,"A","C","4",-0.541858,240547
"rs17085463","4:65740387:G:A",0.000945617,0.00243526,0.697793,"A","G","4",0.388302,240547
"rs1383723","4:67803507:A:T",0.00869639,0.00272953,0.00144254,"T","A","4",3.18604,240547
"rs35851183","4:80717182:A:G",-0.00361884,0.00234388,0.122601,"G","A","4",-1.54395,240547
"rs1229984","4:100239319:T:C",-0.0244541,0.00768013,0.00145238,"C","T","4",-3.18407,240547
"rs13107325","4:103188709:C:T",-0.0165419,0.0042537,0.000100761,"T","C","4",-3.88882,240547
"rs11099020","4:130724902:C:T",0.00331083,0.00235191,0.159215,"T","C","4",1.40772,240547
"rs1296328","4:137083193:A:C",0.00174697,0.00227454,0.442456,"C","A","4",0.768053,240547
"rs35853157","4:140780768:A:T",0.00707389,0.002401,0.00321704,"T","A","4",2.94623,240547
"rs750090","4:152931436:T:C",0.00372617,0.00237045,0.11597,"C","T","4",1.57192,240547
"rs6536575","4:162091639:T:C",-0.00583082,0.0022507,0.00957945,"C","T","4",-2.59067,240547
"rs6867471","5:3574564:C:T",0.00072503,0.00234134,0.756816,"T","C","5",0.309665,240547
"rs7701777","5:27178172:T:G",0.00349151,0.00250006,0.162545,"G","T","5",1.39657,240547
"rs13176429","5:43152216:T:C",-0.00251285,0.00242621,0.300337,"C","T","5",-1.03571,240547
"rs6861649","5:50864788:T:C",-0.00850838,0.00230975,0.000229942,"C","T","5",-3.68368,240547
"rs1503526","5:63020706:T:C",-0.00442082,0.00224921,0.0493579,"C","T","5",-1.9655,240547
"rs9291822","5:64076515:C:T",-0.000322809,0.00227399,0.887114,"T","C","5",-0.141957,240547
"rs2307111","5:75003678:T:C",0.0015357,0.00230506,0.505266,"C","T","5",0.666228,240547
"rs28404639","5:80874229:C:T",-0.00247223,0.00233806,0.290337,"T","C","5",-1.05739,240547
"rs7442885","5:87682877:C:G",0.0099349,0.0027758,0.000344833,"G","C","5",3.57911,240547
"rs1477290","5:87988934:T:C",0.00467868,0.00332849,0.15983,"C","T","5",1.40565,240547
"rs1919243","5:88778861:T:C",-0.00509715,0.00227918,0.0253268,"C","T","5",-2.23639,240547
"rs55838622","5:95711605:A:C",-0.00453645,0.00270009,0.0929379,"C","A","5",-1.68011,240547
"rs10059453","5:105766083:G:C",-0.000838066,0.00228123,0.71334,"C","G","5",-0.367374,240547
"rs286818","5:107433446:T:A",0.0091555,0.00300275,0.00229596,"A","T","5",3.04904,240547
"rs1582931","5:122657199:G:A",-0.00223795,0.00227071,0.324343,"A","G","5",-0.985573,240547
"rs13174863","5:139080745:A:G",-0.0063892,0.0031849,0.0448472,"G","A","5",-2.0061,240547
"rs3844598","5:140992235:A:G",-0.000699171,0.00225519,0.75654,"G","A","5",-0.310028,240547
"rs2118793","5:152509939:C:A",0.000475273,0.0022862,0.835317,"A","C","5",0.207888,240547
"rs190301182","5:153106197:A:G",0.00242925,0.00227181,0.284935,"G","A","5",1.0693,240547
"rs1428120","5:153541904:G:T",0.000297325,0.00227031,0.895805,"T","G","5",0.130962,240547
"rs4921301","5:159984492:C:T",-0.000608567,0.00279816,0.827828,"T","C","5",-0.217489,240547
"rs245775","5:170532105:A:G",-0.00299602,0.00253408,0.237091,"G","A","5",-1.18229,240547
"rs4467770","6:12086826:G:A",-0.0049242,0.00254409,0.0529244,"A","G","6",-1.93555,240547
"rs9463511","6:13178259:G:A",0.00583892,0.00246544,0.0178706,"A","G","6",2.3683,240547
"rs9295675","6:25918473:C:T",0.00300303,0.00340475,0.377772,"T","C","6",0.88201,240547
"rs707894","6:26110599:A:C",0.00602109,0.00305831,0.0489813,"C","A","6",1.96876,240547
"rs35604230","6:31768305:G:A",0.00819619,0.00357261,0.0217812,"A","G","6",2.29418,240547
"rs9277992","6:33312455:G:A",-0.0128004,0.00288239,8.96253e-06,"A","G","6",-4.4409,240547
"rs2281819","6:33771673:T:A",0.00969696,0.00268269,0.000300819,"A","T","6",3.61465,240547
"rs146696797","6:34262438:G:C",-0.0138301,0.00542931,0.0108563,"C","G","6",-2.54731,240547
"rs9368828","6:34661449:A:T",0.00504586,0.00241674,0.03681,"T","A","6",2.08788,240547
"rs34045288","6:40369081:C:T",-0.00585355,0.00238175,0.0139849,"T","C","6",-2.45767,240547
"rs72892910","6:50816887:G:T",-0.00131092,0.00299039,0.661113,"T","G","6",-0.438378,240547
"rs1775255","6:51243035:G:T",-0.00231318,0.00225594,0.305189,"T","G","6",-1.02537,240547
"rs7453694","6:51739528:C:T",0.0024291,0.00249752,0.330752,"T","C","6",0.972603,240547
"rs2482398","6:83432845:C:A",-0.00411532,0.00227081,0.0699461,"A","C","6",-1.81227,240547
"rs9342196","6:90124635:C:T",0.000189329,0.00286465,0.947305,"T","C","6",0.0660915,240547
"rs12662900","6:97757782:T:A",0.00357795,0.00250395,0.153027,"A","T","6",1.42892,240547
"rs6938973","6:98421721:T:C",-0.0139523,0.00230508,1.42498e-09,"C","T","6",-6.05287,240547
"rs2253310","6:108888593:C:G",0.00503448,0.0023256,0.0304032,"G","C","6",2.16481,240547
"rs9489620","6:119524516:G:C",-3.64434e-05,0.00226538,0.987165,"C","G","6",-0.0160871,240547
"rs9388681","6:129387284:G:A",-0.00245797,0.00228924,0.282956,"A","G","6",-1.0737,240547
"rs2749929","6:131859814:T:C",-0.0075045,0.00276346,0.00661574,"C","T","6",-2.71562,240547
"rs765874","6:143185557:T:A",0.00660744,0.00224564,0.00325767,"A","T","6",2.94235,240547
"rs7755574","6:153364643:G:T",-0.00589608,0.00250349,0.0185161,"T","G","6",-2.35515,240547
"rs9688977","6:154336892:T:C",-0.00210831,0.00319372,0.509163,"C","T","6",-0.660143,240547
"rs13210756","6:163009030:T:A",0.00482124,0.0034276,0.15955,"A","T","6",1.40659,240547
"rs6950388","7:1270699:G:A",-0.00527794,0.0027928,0.058781,"A","G","7",-1.88984,240547
"rs17132130","7:2108036:G:C",0.00217633,0.00273109,0.425527,"C","G","7",0.79687,240547
"rs4722398","7:3125220:C:T",0.00656268,0.00327965,0.0453901,"T","C","7",2.00103,240547
"rs215634","7:32369148:A:G",0.00461057,0.00231722,0.0466255,"G","A","7",1.9897,240547
"rs79682948","7:39307243:T:A",0.0090474,0.00290481,0.00184199,"A","T","7",3.11463,240547
"rs799449","7:44784697:C:T",-0.00655673,0.00227202,0.00390372,"T","C","7",-2.88587,240547
"rs1470749","7:50578023:G:T",-0.00197643,0.00225122,0.379978,"T","G","7",-0.877939,240547
"rs236660","7:75050086:T:C",-0.0124525,0.00236205,1.35125e-07,"C","T","7",-5.27191,240547
"rs147678035","7:76692376:A:G",0.00180895,0.00331085,0.584813,"G","A","7",0.546369,240547
"rs6973656","7:77422583:A:G",-0.00356751,0.00229501,0.120075,"G","A","7",-1.55446,240547
"rs3807652","7:77823117:C:T",-0.00579894,0.00258431,0.0248397,"T","C","7",-2.2439,240547
"rs2192649","7:78126279:T:G",-0.00827858,0.00226216,0.00025268,"G","T","7",-3.65958,240547
"rs3843540","7:99126640:T:C",0.00573907,0.00317555,0.0707219,"C","T","7",1.80727,240547
"rs39330","7:103449555:A:T",0.00105494,0.00228593,0.644446,"T","A","7",0.461492,240547
"rs12537134","7:112982130:A:G",0.00829601,0.00227528,0.000266255,"G","A","7",3.64615,240547
"rs2045293","7:114350102:C:T",-0.0097609,0.0022882,1.99308e-05,"T","C","7",-4.26575,240547
"rs7810870","7:133581473:C:G",0.00707834,0.00331255,0.0326135,"G","C","7",2.13682,240547
"rs1805123","7:150645534:T:G",-0.00147955,0.00261289,0.571224,"G","T","7",-0.56625,240547
"rs6601527","8:10665444:C:A",0.0011546,0.00228912,0.613992,"A","C","8",0.504384,240547
"rs7461253","8:14088275:T:G",-0.000494468,0.00232826,0.831813,"G","T","8",-0.212377,240547
"rs2616192","8:20668624:G:T",-0.00315441,0.00240737,0.190091,"T","G","8",-1.31031,240547
"rs1425717","8:25657921:A:G",-0.00167608,0.00243637,0.491491,"G","A","8",-0.68794,240547
"rs10954772","8:30863938:T:C",0.00800936,0.00243734,0.00101597,"C","T","8",3.28611,240547
"rs12681792","8:62054463:C:A",0.00285192,0.00284566,0.316249,"A","C","8",1.0022,240547
"rs791405","8:64720735:T:C",-0.000867019,0.00228996,0.704972,"C","T","8",-0.378618,240547
"rs12679106","8:73443198:G:T",-0.00197067,0.00248982,0.42866,"T","G","8",-0.791489,240547
"rs201519328","8:77223088:G:A",0.00328897,0.00227221,0.147766,"A","G","8",1.44747,240547
"rs77883185","8:85620323:C:T",-0.0117031,0.00502557,0.0198757,"T","C","8",-2.3287,240547
"rs9297524","8:89637919:T:C",0.0028881,0.00245933,0.24026,"C","T","8",1.17434,240547
"rs35529153","8:95631476:A:G",0.00637168,0.0023379,0.00642317,"G","A","8",2.72538,240547
"rs17716502","8:116659731:C:T",0.00108598,0.00279212,0.697316,"T","C","8",0.388947,240547
"rs11782074","8:142617096:G:T",-0.00452151,0.00234184,0.053515,"T","G","8",-1.93075,240547
"rs13294945","9:15852777:T:G",0.00303857,0.00235506,0.196972,"G","T","9",1.29023,240547
"rs1411432","9:16728532:A:C",-0.00835802,0.00290828,0.00405513,"C","A","9",-2.87387,240547
"rs17770336","9:28414625:C:T",-0.00107643,0.00240142,0.653976,"T","C","9",-0.448247,240547
"rs55781253","9:34074987:T:A",-0.00328042,0.00233228,0.159568,"A","T","9",-1.40653,240547
"rs13289199","9:37278064:A:T",-0.000403989,0.00236806,0.864539,"T","A","9",-0.1706,240547
"rs7357754","9:92207308:A:G",-0.00440156,0.00225499,0.0509487,"G","A","9",-1.95192,240547
"rs2440589","9:94178987:C:T",-0.000485803,0.00227002,0.830541,"T","C","9",-0.214008,240547
"rs2398861","9:96430747:A:G",-0.0124557,0.00258153,1.40149e-06,"G","A","9",-4.82491,240547
"rs3931548","9:103113652:C:A",-0.0019776,0.00236081,0.402211,"A","C","9",-0.83768,240547
"rs7024334","9:109072075:T:G",0.0021507,0.00271155,0.427685,"G","T","9",0.793161,240547
"rs2254331","9:120721339:A:C",0.00137605,0.00227115,0.544594,"C","A","9",0.605882,240547
"rs1327808","9:120896390:A:G",0.0055459,0.00293839,0.0591079,"G","A","9",1.8874,240547
"rs7030732","9:124630006:C:A",0.012847,0.00229937,2.31017e-08,"A","C","9",5.58719,240547
"rs3861879","9:129464856:A:G",-0.00311632,0.00227594,0.170924,"G","A","9",-1.36925,240547
"rs2267958","9:131015279:G:A",0.00522669,0.00229823,0.0229534,"A","G","9",2.27422,240547
"rs6597653","9:133788465:G:C",-0.00248349,0.00230656,0.281612,"C","G","9",-1.07671,240547
"rs4749937","10:10255003:T:G",0.00540093,0.00263674,0.0405282,"G","T","10",2.04834,240547
"rs2356376","10:16752483:G:A",0.00234205,0.0023792,0.324926,"A","G","10",0.984387,240547
"rs11012732","10:21830104:A:G",-0.00782927,0.0023906,0.0010567,"G","A","10",-3.27502,240547
"rs12260817","10:33715975:G:A",-0.000833371,0.00330482,0.800911,"A","G","10",-0.252168,240547
"rs61845249","10:34070990:T:C",0.00389096,0.00239155,0.103746,"C","T","10",1.62696,240547
"rs4595495","10:53673286:A:G",-0.00742759,0.00227826,0.00111347,"G","A","10",-3.2602,240547
"rs10822129","10:64846841:C:T",0.0118571,0.00231931,3.18469e-07,"T","C","10",5.11232,240547
"rs112921972","10:76054961:C:T",-0.00427544,0.00341606,0.210728,"T","C","10",-1.25157,240547
"rs17399739","10:87490850:A:G",0.00282008,0.00443094,0.524483,"G","A","10",0.636451,240547
"rs2450447","10:93061949:C:T",0.000337837,0.00251915,0.893318,"T","C","10",0.134108,240547
"rs2439823","10:99778226:A:G",-0.00359678,0.00226501,0.112293,"G","A","10",-1.58798,240547
"rs61871615","10:102487140:C:T",0.000404138,0.00408481,0.921188,"T","C","10",0.0989369,240547
"rs10749233","10:118777998:G:C",0.00913162,0.00266106,0.000600192,"C","G","10",3.43157,240547
"rs845084","10:125220036:G:A",0.00101754,0.00258209,0.693526,"A","G","10",0.394076,240547
"rs67609008","10:126640936:T:C",-0.00225785,0.0025008,0.366607,"C","T","10",-0.90285,240547
"rs2035806","10:133984916:G:A",0.00861332,0.00227251,0.000150546,"A","G","10",3.79023,240547
"rs6591","11:840363:C:T",-0.00503405,0.0022704,0.0266065,"T","C","11",-2.21726,240547
"rs12575252","11:8694073:G:C",0.00112969,0.00237833,0.634791,"C","G","11",0.474995,240547
"rs11826177","11:13349477:T:C",0.00292727,0.00236158,0.215147,"C","T","11",1.23954,240547
"rs6265","11:27679916:C:T",0.00885245,0.0028825,0.00213295,"T","C","11",3.0711,240547
"rs491711","11:28742220:A:C",-0.00131909,0.00244399,0.589384,"C","A","11",-0.53973,240547
"rs7942037","11:30430332:G:C",0.00233386,0.00234167,0.318929,"C","G","11",0.996664,240547
"rs75936055","11:43678573:T:C",-0.00518188,0.00243515,0.0333424,"C","T","11",-2.12795,240547
"rs555754158","11:46141511:G:A",-0.0148367,0.0109613,0.175883,"A","G","11",-1.35354,240547
"rs7124681","11:47529947:C:A",-0.00230606,0.00228548,0.312973,"A","C","11",-1.009,240547
"rs34292685","11:64049021:C:T",0.000741221,0.00303598,0.807118,"T","C","11",0.244146,240547
"rs2234458","11:65639374:C:T",0.00375454,0.00233375,0.107662,"T","C","11",1.6088,240547
"rs1465900","11:76473138:A:C",0.00959646,0.00278415,0.000567323,"C","A","11",3.44682,240547
"rs10898330","11:84630335:C:T",0.00427249,0.00226183,0.0588992,"T","C","11",1.88895,240547
"rs61903695","11:89922417:A:G",-0.0081533,0.00257074,0.00151633,"G","A","11",-3.17158,240547
"rs1048932","11:115044850:C:A",0.00336795,0.00228414,0.14035,"A","C","11",1.47449,240547
"rs1799992","11:118957246:T:C",-0.00495899,0.00229436,0.0306664,"C","T","11",-2.16139,240547
"rs35483388","11:122545146:C:T",0.000297348,0.00232562,0.898262,"T","C","11",0.127857,240547
"rs7940866","11:130817579:T:A",0.000721931,0.00226387,0.749808,"A","T","11",0.318893,240547
"rs329651","11:133767622:G:T",-0.00479362,0.00284586,0.0921025,"T","G","11",-1.68442,240547
"rs12364470","11:134601012:T:G",-0.00175136,0.00302387,0.562471,"G","T","11",-0.579176,240547
"rs55726687","12:991306:G:A",0.00310846,0.00275943,0.259962,"A","G","12",1.12648,240547
"rs12422552","12:14413931:G:C",0.00488673,0.00254899,0.0552231,"C","G","12",1.91713,240547
"rs1458156","12:41887940:C:T",0.00283118,0.00225391,0.209075,"T","C","12",1.25612,240547
"rs7132908","12:50263148:G:A",0.0024402,0.00231345,0.291524,"A","G","12",1.05479,240547
"rs2292238","12:56493822:A:C",0.00635033,0.0022931,0.00561768,"C","A","12",2.76933,240547
"rs317687","12:69724909:T:A",0.00183389,0.00237729,0.440458,"A","T","12",0.771421,240547
"rs4761401","12:78203579:G:A",0.000894118,0.0024021,0.709727,"A","G","12",0.372224,240547
"rs704061","12:89771903:T:C",-0.00872581,0.00225788,0.000111296,"C","T","12",-3.86461,240547
"rs1901241","12:97941390:A:G",-0.00317465,0.00307381,0.301695,"G","A","12",-1.03281,240547
"rs7138383","12:103724090:G:A",0.00129717,0.00258875,0.616316,"A","G","12",0.501079,240547
"rs55938344","12:108310327:A:C",0.00590944,0.00263873,0.0251243,"C","A","12",2.2395,240547
"rs11613680","12:121700858:G:A",-0.00279465,0.00258211,0.279115,"A","G","12",-1.08231,240547
"rs147730268","12:123024476:G:T",-0.0114811,0.00404331,0.00451832,"T","G","12",-2.83953,240547
"rs3897102","12:123492112:C:T",-0.00324675,0.00230352,0.158697,"T","C","12",-1.40947,240547
"rs9579775","13:20616557:A:C",-0.0053316,0.00341092,0.118031,"C","A","13",-1.5631,240547
"rs9507895","13:28018237:G:C",0.00253298,0.00252789,0.316338,"C","G","13",1.00201,240547
"rs9506311","13:31015154:C:T",-0.00629462,0.00257859,0.0146429,"T","C","13",-2.44111,240547
"rs35193668","13:33092929:C:T",0.00349301,0.00234173,0.135796,"T","C","13",1.49163,240547
"rs10507483","13:40759773:T:C",0.002685,0.0030175,0.37357,"C","T","13",0.889808,240547
"rs13353100","13:53826781:G:T",0.00104281,0.00237786,0.660988,"T","G","13",0.438551,240547
"rs7987928","13:54372377:G:A",0.00091723,0.00280398,0.743579,"A","G","13",0.327117,240547
"rs7995015","13:54828961:T:G",0.00119651,0.00241509,0.620298,"G","T","13",0.495428,240547
"rs11148421","13:58626188:G:A",0.00425056,0.00268766,0.113763,"A","G","13",1.58151,240547
"rs9527895","13:59367767:T:C",-0.000528907,0.00295241,0.857825,"C","T","13",-0.179144,240547
"rs1949204","13:65475834:T:G",-0.00535369,0.00263954,0.0425344,"G","T","13",-2.02826,240547
"rs1441264","13:79580919:G:A",0.00096191,0.00233512,0.68039,"A","G","13",0.411932,240547
"rs116394958","13:86477072:C:T",-0.0054164,0.0025156,0.0313095,"T","C","13",-2.15313,240547
"rs7990098","13:96982541:T:G",-0.00275965,0.00228639,0.227436,"G","T","13",-1.20699,240547
"rs7331420","13:99236471:G:A",0.00489544,0.00250251,0.0504411,"A","G","13",1.95621,240547
"rs9522183","13:111977280:G:T",-0.00131708,0.00227871,0.56327,"T","G","13",-0.577993,240547
"rs9522279","13:112221296:C:T",-0.0061308,0.00228234,0.00722765,"T","C","13",-2.68619,240547
"rs8015400","14:25930988:C:A",-0.000590519,0.00241026,0.806455,"A","C","14",-0.245002,240547
"rs145946602","14:33269271:A:C",-0.0034308,0.00280126,0.220678,"C","A","14",-1.22473,240547
"rs2933223","14:47358474:T:C",-0.00877513,0.00228339,0.000121555,"C","T","14",-3.84303,240547
"rs217672","14:62361021:A:C",-0.00475092,0.00252914,0.0603179,"C","A","14",-1.87847,240547
"rs2333012","14:73409613:G:A",0.00501741,0.00241448,0.037706,"A","G","14",2.07805,240547
"rs7141420","14:79899454:C:T",-0.000822839,0.00227232,0.717267,"T","C","14",-0.362114,240547
"rs1286138","14:91485445:T:G",0.00102789,0.00240363,0.668914,"G","T","14",0.42764,240547
"rs6575340","14:94023972:G:A",-0.00600802,0.00234843,0.0105186,"A","G","14",-2.55832,240547
"rs12881629","14:101146413:A:G",-0.00619344,0.00409989,0.130883,"G","A","14",-1.51063,240547
"rs3803286","14:103246470:A:G",0.00470456,0.00238203,0.0482665,"G","A","14",1.97502,240547
"rs3759584","14:103990799:T:C",0.00234001,0.00235555,0.320516,"C","T","14",0.9934,240547
"rs8027969","15:26980098:C:T",-4.95343e-05,0.00249072,0.984133,"T","C","15",-0.0198875,240547
"rs7183417","15:46586088:C:T",-0.00146861,0.00227068,0.517781,"T","C","15",-0.646771,240547
"rs55689274","15:47758909:G:A",-0.00243894,0.00249195,0.327717,"A","G","15",-0.978724,240547
"rs117632017","15:52260107:G:A",-0.0150648,0.00603105,0.0124947,"A","G","15",-2.49788,240547
"rs113182412","15:66503584:G:A",0.0030507,0.00307181,0.320648,"A","G","15",0.993129,240547
"rs4776970","15:68080886:A:T",0.00209704,0.00234862,0.371922,"T","A","15",0.892881,240547
"rs4777541","15:73082240:C:T",-0.00989617,0.00266459,0.000204095,"T","C","15",-3.71395,240547
"rs11855853","15:78012618:C:T",0.011145,0.00254664,1.20738e-05,"T","C","15",4.37634,240547
"rs2870111","15:79403585:C:T",0.00705652,0.00229031,0.00206311,"T","C","15",3.08103,240547
"rs7498044","15:92573639:G:A",0.00411377,0.00274912,0.134552,"A","G","15",1.4964,240547
"rs2046002","15:95272235:T:C",0.0025806,0.00234584,0.271299,"C","T","15",1.10008,240547
"rs56803094","15:99222509:A:G",-0.00163727,0.00269064,0.542852,"G","A","15",-0.608507,240547
"rs12926311","16:406427:G:C",0.0062799,0.00235801,0.00774011,"C","G","16",2.66322,240547
"rs879620","16:4015729:C:T",-0.00104111,0.00231945,0.653531,"T","C","16",-0.448863,240547
"rs7193783","16:4949608:A:C",-0.00122624,0.00236904,0.604732,"C","A","16",-0.517609,240547
"rs4613074","16:19942527:T:C",0.00274406,0.00289979,0.343999,"C","T","16",0.946295,240547
"rs2342892","16:24540806:T:G",0.00371343,0.00224807,0.0985701,"G","T","16",1.65183,240547
"rs62037365","16:28868962:C:G",-0.00511201,0.00229585,0.0259731,"G","C","16",-2.22663,240547
"rs4402589","16:29954654:T:G",-0.00395285,0.00226317,0.0807089,"G","T","16",-1.74659,240547
"rs11642015","16:53802494:C:T",-0.00334411,0.00229551,0.145172,"T","C","16",-1.4568,240547
"rs117342986","16:54267868:C:T",-0.019879,0.00728198,0.00633593,"T","C","16",-2.72989,240547
"rs7189149","16:69144151:C:G",-0.00265473,0.00337062,0.430926,"G","C","16",-0.78761,240547
"rs862320","16:69651866:C:T",7.30649e-05,0.00229254,0.974575,"T","C","16",0.0318708,240547
"rs756717","16:72996162:G:A",0.000227093,0.00232333,0.922135,"A","G","16",0.0977448,240547
"rs11150461","16:82448195:C:G",0.00213399,0.00253416,0.399739,"G","C","16",0.842089,240547
"rs4790841","17:1835482:C:T",0.00556636,0.00312745,0.0751036,"T","C","17",1.77984,240547
"rs11078883","17:2138828:C:G",0.00496404,0.00237037,0.0362427,"G","C","17",2.09421,240547
"rs7774","17:4801163:C:A",-0.00434415,0.00244681,0.0758274,"A","C","17",-1.77543,240547
"rs1075901","17:15943910:T:C",0.00310236,0.00226444,0.170678,"C","T","17",1.37003,240547
"rs8078135","17:21268583:C:T",0.00405514,0.00225823,0.0725411,"T","C","17",1.79571,240547
"rs11656076","17:31464270:G:A",0.000560719,0.00269843,0.835389,"A","G","17",0.207795,240547
"rs34966008","17:34919623:C:T",0.00821502,0.00228774,0.000329619,"T","C","17",3.59089,240547
"rs11653258","17:44017725:G:T",0.00430724,0.00274316,0.116376,"T","G","17",1.57017,240547
"rs56161855","17:46288649:A:T",0.00363619,0.0033147,0.272647,"T","A","17",1.09699,240547
"rs11079849","17:47090785:C:T",0.0116791,0.00240252,1.16762e-06,"T","C","17",4.86118,240547
"rs2332306","17:52937056:A:G",-0.00343155,0.0030885,0.266538,"G","A","17",-1.11107,240547
"rs55931203","17:65854602:C:T",-0.00905049,0.00290974,0.00186847,"T","C","17",-3.11041,240547
"rs11150745","17:78757626:A:G",0.000657981,0.00241359,0.785149,"G","A","17",0.272615,240547
"rs9319615","17:79072594:A:C",-0.00455276,0.00226091,0.0440434,"C","A","17",-2.01369,240547
"rs60764613","18:1839911:G:T",-0.00681481,0.00320277,0.0333557,"T","G","18",-2.12779,240547
"rs2155869","18:13199302:T:C",-0.00137897,0.00291506,0.636178,"C","T","18",-0.473049,240547
"rs1788808","18:21090023:A:G",0.00668226,0.00225136,0.00299683,"G","A","18",2.96809,240547
"rs1389067","18:31262552:A:G",-0.0072495,0.00229065,0.001552,"G","A","18",-3.16482,240547
"rs7237783","18:39605066:A:G",-0.00797926,0.00345774,0.0210193,"G","A","18",-2.30765,240547
"rs2247593","18:42946757:A:G",0.00308567,0.00249707,0.216566,"G","A","18",1.23572,240547
"rs784257","18:53397199:T:C",-0.00452692,0.00290975,0.119762,"C","T","18",-1.55578,240547
"rs58084604","18:57849429:C:T",0.00330029,0.00265628,0.214072,"T","C","18",1.24245,240547
"rs57636386","18:58048295:T:C",0.00108383,0.00408772,0.790899,"C","T","18",0.265144,240547
"rs1942826","18:63345799:G:A",0.0002015,0.00341824,0.952993,"A","G","18",0.0589484,240547
"rs11666480","19:1856554:C:G",-0.00543554,0.00226466,0.0163888,"G","C","19",-2.40016,240547
"rs45486197","19:2244849:G:A",0.00488494,0.00454479,0.282446,"A","G","19",1.07484,240547
"rs73534156","19:4058652:T:C",0.00848245,0.00287297,0.00315236,"C","T","19",2.95251,240547
"rs273505","19:18217147:T:C",0.00378825,0.00227647,0.0960961,"C","T","19",1.66409,240547
"rs113230003","19:18460956:G:A",0.00206582,0.00258566,0.424319,"A","G","19",0.798952,240547
"rs10404726","19:18834514:C:T",0.00284444,0.00225339,0.206846,"T","C","19",1.26229,240547
"rs56212061","19:19394640:C:T",0.00196036,0.00316207,0.535283,"T","C","19",0.619962,240547
"rs111640872","19:30290357:G:C",0.002667,0.00239391,0.265246,"C","G","19",1.11408,240547
"rs11084554","19:31019807:G:A",-0.00059193,0.00309842,0.848493,"A","G","19",-0.191042,240547
"rs34095326","19:45395844:G:A",0.000759344,0.00356116,0.831148,"A","G","19",0.213229,240547
"rs112693590","19:46274553:G:A",-0.00279131,0.00532517,0.600159,"A","G","19",-0.524173,240547
"rs3810291","19:47569003:G:A",-0.000570934,0.00240089,0.812036,"A","G","19",-0.237801,240547
"rs2153740","20:2126089:A:G",-0.00173571,0.00226293,0.443071,"G","A","20",-0.767019,240547
"rs1884897","20:6612832:A:G",-0.00619765,0.00233257,0.00788441,"G","A","20",-2.657,240547
"rs6050446","20:25195509:A:G",-0.00176808,0.00635448,0.780827,"G","A","20",-0.278241,240547
"rs6142059","20:32544327:T:C",-0.00334477,0.00224931,0.137012,"C","T","20",-1.48702,240547
"rs67844506","20:51103807:A:G",0.00359437,0.00290924,0.216645,"G","A","20",1.2355,240547
"rs150998792","20:62130403:G:T",0.0112264,0.00532836,0.0351258,"T","G","20",2.10692,240547
"rs8134638","21:40644170:T:C",0.000430693,0.00232104,0.85279,"C","T","21",0.18556,240547
"rs2837398","21:41427168:A:C",0.00447684,0.00229084,0.0506745,"C","A","21",1.95424,240547
"rs76040172","21:46488959:G:A",0.00268703,0.00500832,0.591605,"A","G","21",0.536513,240547
"rs6001870","22:40695172:A:C",-0.00380341,0.0023855,0.11085,"C","A","22",-1.59439,240547
"rs28489620","22:41804716:G:A",-0.000280256,0.00249691,0.910632,"A","G","22",-0.112241,240547
