SNP,variant,beta,se,pval.exposure,effect_allele,other_allele,chr,tstat,N,id.exposure
rs115866895,1:1592638:A:G,-0.0212365,0.00266523,1.62E-15,G,A,1,-7.968,359983,ONSCmN
rs4648450,1:2723214:C:A,-0.0153806,0.00235009,5.97E-11,A,C,1,-6.54469,359983,ONSCmN
rs12024554,1:19925759:C:T,-0.0156185,0.00274755,1.31E-08,T,C,1,-5.68451,359983,ONSCmN
rs1097327,1:23334339:T:C,-0.0178663,0.00315352,1.47E-08,C,T,1,-5.6655,359983,ONSCmN
rs3737992,1:33234128:G:A,-0.0188047,0.00311696,1.61E-09,A,G,1,-6.03301,359983,ONSCmN
rs12031634,1:34584393:G:A,-0.0171832,0.00256065,1.94E-11,A,G,1,-6.71046,359983,ONSCmN
rs61743745,1:40036944:G:A,-0.0420208,0.00683731,7.96E-10,A,G,1,-6.1458,359983,ONSCmN
rs12144626,1:47670525:T:C,-0.0178151,0.00236867,5.44E-14,C,T,1,-7.52116,359983,ONSCmN
rs1167311,1:49996959:G:A,-0.0205115,0.00251831,3.81E-16,A,G,1,-8.14494,359983,ONSCmN
rs12140153,1:62579891:G:T,-0.0328054,0.00405615,6.09E-16,T,G,1,-8.08783,359983,ONSCmN
rs2186120,1:66453163:G:A,0.0145374,0.00235026,6.20E-10,A,G,1,6.18546,359983,ONSCmN
rs34361149,1:72750470:G:A,-0.0314876,0.00294872,1.30E-26,A,G,1,-10.6784,359983,ONSCmN
rs7553158,1:75005238:G:A,-0.0190148,0.00235116,6.11E-16,A,G,1,-8.08739,359983,ONSCmN
rs12049202,1:77967523:C:T,0.0234738,0.00291775,8.64E-16,T,C,1,8.04516,359983,ONSCmN
rs2166172,1:91208514:A:C,0.0143736,0.00241559,2.68E-09,C,A,1,5.95033,359983,ONSCmN
rs2181375,1:96940119:A:G,0.0190435,0.00237579,1.10E-15,G,A,1,8.01565,359983,ONSCmN
rs75641275,1:98327133:A:C,0.0185973,0.00332033,2.13E-08,C,A,1,5.60103,359983,ONSCmN
rs17024393,1:110154688:T:C,0.0635449,0.00737257,6.78E-18,C,T,1,8.61909,359983,ONSCmN
rs6687953,1:112293512:A:G,0.0166007,0.00238813,3.62E-12,G,A,1,6.95136,359983,ONSCmN
rs61813324,1:156049877:C:T,0.0279935,0.00345507,5.42E-16,T,C,1,8.10214,359983,ONSCmN
rs1778830,1:156489974:G:A,0.013476,0.00242941,2.91E-08,A,G,1,5.54701,359983,ONSCmN
rs61826867,1:174377435:A:G,0.025278,0.00372431,1.14E-11,G,A,1,6.78731,359983,ONSCmN
rs539515,1:177889025:A:C,0.0481532,0.00287422,5.64E-63,C,A,1,16.7535,359983,ONSCmN
rs815163,1:190294726:T:C,-0.0175473,0.00234724,7.70E-14,C,T,1,-7.47571,359983,ONSCmN
rs10921760,1:195036225:T:C,-0.0159718,0.00240901,3.36E-11,C,T,1,-6.63005,359983,ONSCmN
rs2678204,1:201800511:T:G,0.0262783,0.00245915,1.20E-26,G,T,1,10.6859,359983,ONSCmN
rs17014332,1:209520450:T:C,0.0176758,0.00285625,6.08E-10,C,T,1,6.18847,359983,ONSCmN
rs170553,1:210224614:G:A,-0.0131402,0.00236159,2.64E-08,A,G,1,-5.56412,359983,ONSCmN
rs12037698,1:243584345:G:A,-0.0206709,0.00334454,6.40E-10,A,G,1,-6.1805,359983,ONSCmN
rs563738408,2:420443:G:A,-0.102051,0.00664487,3.26E-53,A,G,2,-15.3579,359983,ONSCmN
rs6751993,2:635864:A:G,0.0536047,0.0031288,8.99E-66,G,A,2,17.1327,359983,ONSCmN
rs2141004,2:6194359:A:C,-0.0166844,0.00265982,3.55E-10,C,A,2,-6.27276,359983,ONSCmN
rs6752378,2:25150116:C:A,0.0348011,0.00233189,2.38E-50,A,C,2,14.924,359983,ONSCmN
rs935166,2:26949366:G:A,-0.0146811,0.0023318,3.06E-10,A,G,2,-6.29605,359983,ONSCmN
rs10185199,2:40282202:G:A,-0.01874,0.00266747,2.14E-12,A,G,2,-7.02539,359983,ONSCmN
rs35722922,2:47002226:A:G,-0.0174613,0.00240517,3.88E-13,G,A,2,-7.25992,359983,ONSCmN
rs6545144,2:50241865:T:A,-0.0171646,0.00312766,4.07E-08,A,T,2,-5.48801,359983,ONSCmN
rs3806572,2:55238677:G:A,-0.0174232,0.00256674,1.14E-11,A,G,2,-6.78809,359983,ONSCmN
rs4671328,2:58935282:T:G,-0.0217104,0.00236411,4.20E-20,G,T,2,-9.18335,359983,ONSCmN
rs6545714,2:59307725:G:A,-0.0206258,0.00238537,5.32E-18,A,G,2,-8.64683,359983,ONSCmN
rs2861685,2:67837553:T:C,-0.0177347,0.00236413,6.32E-14,C,T,2,-7.50159,359983,ONSCmN
rs7557796,2:86766153:T:C,-0.01628,0.0024386,2.46E-11,C,T,2,-6.67597,359983,ONSCmN
rs13002946,2:100801959:T:A,-0.0212289,0.00264119,9.19E-16,A,T,2,-8.03763,359983,ONSCmN
rs72820274,2:104412924:G:A,0.0162899,0.00236948,6.21E-12,A,G,2,6.8749,359983,ONSCmN
rs754481,2:105480198:C:A,0.0150958,0.00259047,5.63E-09,A,C,2,5.82745,359983,ONSCmN
rs72844755,2:133461865:A:C,0.0247019,0.00430799,9.82E-09,C,A,2,5.73396,359983,ONSCmN
rs1446585,2:136407479:A:G,-0.0159509,0.00280034,1.23E-08,G,A,2,-5.69606,359983,ONSCmN
rs115584509,2:145629568:G:T,0.0256567,0.0045928,2.32E-08,T,G,2,5.5863,359983,ONSCmN
rs593010,2:147845911:G:C,-0.0158173,0.00240567,4.87E-11,C,G,2,-6.57499,359983,ONSCmN
rs80330591,2:159368720:G:A,-0.0204577,0.00329222,5.17E-10,A,G,2,-6.21396,359983,ONSCmN
rs10803762,2:161105876:G:A,0.0145729,0.00250495,5.97E-09,A,G,2,5.81763,359983,ONSCmN
rs12619626,2:166148746:A:G,-0.0173852,0.00269772,1.16E-10,G,A,2,-6.44442,359983,ONSCmN
rs199750218,2:175062163:T:G,0.0155905,0.00244684,1.87E-10,G,T,2,6.3717,359983,ONSCmN
rs12479357,2:181570507:A:G,0.0170631,0.00242411,1.94E-12,G,A,2,7.03893,359983,ONSCmN
rs1064213,2:198950240:G:A,0.0160086,0.00233373,6.91E-12,A,G,2,6.85968,359983,ONSCmN
rs4482463,2:205375909:C:A,-0.033479,0.00440874,3.11E-14,A,C,2,-7.59379,359983,ONSCmN
rs16846140,2:212292521:A:G,0.0152968,0.00246921,5.83E-10,G,A,2,6.19502,359983,ONSCmN
rs13427822,2:213414265:A:G,-0.0203385,0.002649,1.62E-14,G,A,2,-7.67781,359983,ONSCmN
rs4485556,2:220157418:A:C,-0.0172715,0.00302659,1.15E-08,C,A,2,-5.70659,359983,ONSCmN
rs72967047,2:228998742:A:G,0.0179815,0.00275663,6.90E-11,G,A,2,6.523,359983,ONSCmN
rs35882248,2:230627955:C:T,0.0185383,0.00251123,1.56E-13,T,C,2,7.38216,359983,ONSCmN
rs2569993,3:12926096:T:C,0.0140206,0.00250616,2.21E-08,C,T,3,5.59447,359983,ONSCmN
rs6772763,3:15702641:T:C,-0.0144948,0.00236114,8.32E-10,C,T,3,-6.13892,359983,ONSCmN
rs34373881,3:20432033:G:A,-0.0178172,0.0026059,8.09E-12,A,G,3,-6.83723,359983,ONSCmN
rs9847186,3:25081857:G:A,-0.0150243,0.00236032,1.95E-10,A,G,3,-6.36537,359983,ONSCmN
rs13062093,3:35667057:T:G,0.0159421,0.00241769,4.29E-11,G,T,3,6.59394,359983,ONSCmN
rs4377469,3:42303074:G:T,0.0214304,0.00366463,4.98E-09,T,G,3,5.84792,359983,ONSCmN
rs13076052,3:44456573:C:G,0.0162179,0.00262182,6.19E-10,G,C,3,6.18575,359983,ONSCmN
rs9843653,3:49920571:T:C,0.0311308,0.00233265,1.28E-40,C,T,3,13.3457,359983,ONSCmN
rs762705,3:50313527:A:C,-0.018035,0.00326085,3.19E-08,C,A,3,-5.53076,359983,ONSCmN
rs815715,3:61264084:C:G,-0.0156799,0.00236682,3.48E-11,G,C,3,-6.62488,359983,ONSCmN
rs6769617,3:62687746:A:T,-0.0140865,0.00246559,1.11E-08,T,A,3,-5.71324,359983,ONSCmN
rs550669262,3:82634023:G:A,0.0168682,0.00268043,3.12E-10,A,G,3,6.29311,359983,ONSCmN
rs75557510,3:84321469:A:G,-0.0343753,0.00494429,3.59E-12,G,A,3,-6.95253,359983,ONSCmN
rs10865612,3:85868529:T:C,-0.022108,0.00243589,1.13E-19,C,T,3,-9.07597,359983,ONSCmN
rs1454687,3:94038085:C:G,-0.0218435,0.0023309,7.21E-21,G,C,3,-9.37125,359983,ONSCmN
rs6780459,3:104624105:A:T,0.0157655,0.00268006,4.04E-09,T,A,3,5.88251,359983,ONSCmN
rs80082351,3:114415926:A:G,-0.0295445,0.00485536,1.17E-09,G,A,3,-6.08493,359983,ONSCmN
rs1225004,3:131626991:T:C,0.0228386,0.00260185,1.67E-18,C,T,3,8.77783,359983,ONSCmN
rs1471740,3:136328270:T:C,0.0207825,0.00266343,6.07E-15,C,T,3,7.80289,359983,ONSCmN
rs2035936,3:141298124:G:T,0.0384437,0.00515222,8.57E-14,T,G,3,7.46158,359983,ONSCmN
rs355777,3:154034950:G:C,0.0148428,0.00237589,4.18E-10,C,G,3,6.24728,359983,ONSCmN
rs6776471,3:161438118:C:A,0.0133446,0.00233973,1.17E-08,A,C,3,5.70347,359983,ONSCmN
rs73169730,3:170734438:A:G,0.0203836,0.00260743,5.40E-15,G,A,3,7.81748,359983,ONSCmN
rs2606228,3:183537759:A:C,-0.0143621,0.00247109,6.18E-09,C,A,3,-5.81204,359983,ONSCmN
rs869400,3:185826740:T:G,0.0301819,0.00300778,1.08E-23,G,T,3,10.0346,359983,ONSCmN
rs2051559,4:3298800:T:C,0.0255674,0.00344155,1.10E-13,C,T,4,7.42903,359983,ONSCmN
rs66679256,4:18351898:C:T,0.0173918,0.00235206,1.42E-13,T,C,4,7.39429,359983,ONSCmN
rs34811474,4:25408838:G:A,-0.0323254,0.00275822,1.02E-31,A,G,4,-11.7197,359983,ONSCmN
rs73213484,4:28489339:A:T,-0.0198096,0.003368,4.06E-09,T,A,4,-5.88173,359983,ONSCmN
rs4261944,4:31003636:T:G,0.0147377,0.00242936,1.31E-09,G,T,4,6.0665,359983,ONSCmN
rs10938397,4:45182527:A:G,0.0300392,0.00235565,3.10E-37,G,A,4,12.752,359983,ONSCmN
rs6831020,4:55500226:C:A,-0.016661,0.00255267,6.72E-11,A,C,4,-6.52687,359983,ONSCmN
rs17085463,4:65740387:G:A,-0.014372,0.0025197,1.17E-08,A,G,4,-5.70386,359983,ONSCmN
rs1383723,4:67803507:A:T,-0.0183366,0.00283657,1.02E-10,T,A,4,-6.46435,359983,ONSCmN
rs35851183,4:80717182:A:G,0.0168733,0.00243219,4.00E-12,G,A,4,6.93752,359983,ONSCmN
rs1229984,4:100239319:T:C,0.0451017,0.00789042,1.09E-08,C,T,4,5.71601,359983,ONSCmN
rs13107325,4:103188709:C:T,0.0492973,0.00443411,1.04E-28,T,C,4,11.1177,359983,ONSCmN
rs11099020,4:130724902:C:T,-0.0148834,0.00243732,1.02E-09,T,C,4,-6.10647,359983,ONSCmN
rs1296328,4:137083193:A:C,-0.0191978,0.00235779,3.89E-16,C,A,4,-8.14228,359983,ONSCmN
rs35853157,4:140780768:A:T,-0.014322,0.00248462,8.21E-09,T,A,4,-5.76425,359983,ONSCmN
rs750090,4:152931436:T:C,-0.0154975,0.00245861,2.92E-10,C,T,4,-6.30336,359983,ONSCmN
rs6536575,4:162091639:T:C,0.0140392,0.00233206,1.74E-09,C,T,4,6.02009,359983,ONSCmN
rs6867471,5:3574564:C:T,-0.0134741,0.00242402,2.72E-08,T,C,5,-5.55857,359983,ONSCmN
rs7701777,5:27178172:T:G,-0.0165931,0.00258763,1.43E-10,G,T,5,-6.41248,359983,ONSCmN
rs13176429,5:43152216:T:C,0.0166721,0.00251198,3.20E-11,C,T,5,6.63704,359983,ONSCmN
rs6861649,5:50864788:T:C,0.0140153,0.00239434,4.82E-09,C,T,5,5.85352,359983,ONSCmN
rs1503526,5:63020706:T:C,0.0168425,0.00233337,5.28E-13,C,T,5,7.21807,359983,ONSCmN
rs9291822,5:64076515:C:T,-0.0129328,0.00235476,3.97E-08,T,C,5,-5.49221,359983,ONSCmN
rs2307111,5:75003678:T:C,-0.0287713,0.00238799,2.01E-33,C,T,5,-12.0483,359983,ONSCmN
rs28404639,5:80874229:C:T,-0.0137357,0.0024252,1.48E-08,T,C,5,-5.66375,359983,ONSCmN
rs7442885,5:87682877:C:G,-0.0249387,0.00286882,3.54E-18,G,C,5,-8.69303,359983,ONSCmN
rs1477290,5:87988934:T:C,0.0336161,0.00343089,1.15E-22,C,T,5,9.79808,359983,ONSCmN
rs1919243,5:88778861:T:C,0.0136269,0.00236081,7.83E-09,C,T,5,5.77212,359983,ONSCmN
rs55838622,5:95711605:A:C,0.0156609,0.00279867,2.20E-08,C,A,5,5.59585,359983,ONSCmN
rs10059453,5:105766083:G:C,0.0137356,0.00236098,5.97E-09,C,G,5,5.81777,359983,ONSCmN
rs286818,5:107433446:T:A,-0.027793,0.00311027,4.06E-19,A,T,5,-8.93588,359983,ONSCmN
rs1582931,5:122657199:G:A,-0.0150307,0.00235515,1.75E-10,A,G,5,-6.38207,359983,ONSCmN
rs13174863,5:139080745:A:G,0.0246692,0.00330052,7.78E-14,G,A,5,7.47435,359983,ONSCmN
rs3844598,5:140992235:A:G,0.0131853,0.00233724,1.69E-08,G,A,5,5.6414,359983,ONSCmN
rs2118793,5:152509939:C:A,-0.0131334,0.00236987,3.00E-08,A,C,5,-5.54183,359983,ONSCmN
rs190301182,5:153106197:A:G,-0.0142709,0.00235278,1.32E-09,G,A,5,-6.06554,359983,ONSCmN
rs1428120,5:153541904:G:T,-0.0158995,0.00235336,1.42E-11,T,G,5,-6.7561,359983,ONSCmN
rs4921301,5:159984492:C:T,-0.0181061,0.00289669,4.09E-10,T,C,5,-6.25063,359983,ONSCmN
rs245775,5:170532105:A:G,0.0204477,0.00262359,6.52E-15,G,A,5,7.79381,359983,ONSCmN
rs4467770,6:12086826:G:A,0.0143872,0.00263716,4.89E-08,A,G,6,5.45556,359983,ONSCmN
rs9463511,6:13178259:G:A,-0.0153101,0.00255204,1.99E-09,A,G,6,-5.99916,359983,ONSCmN
rs9295675,6:25918473:C:T,0.0219931,0.00353744,5.07E-10,T,C,6,6.21724,359983,ONSCmN
rs707894,6:26110599:A:C,-0.0207362,0.00315295,4.81E-11,C,A,6,-6.57677,359983,ONSCmN
rs35604230,6:31768305:G:A,-0.0268411,0.00370414,4.29E-13,A,G,6,-7.24624,359983,ONSCmN
rs9277992,6:33312455:G:A,0.0236722,0.00299564,2.75E-15,A,G,6,7.90222,359983,ONSCmN
rs2281819,6:33771673:T:A,-0.0155761,0.00277452,1.98E-08,A,T,6,-5.61399,359983,ONSCmN
rs146696797,6:34262438:G:C,0.0323742,0.00562947,8.89E-09,C,G,6,5.75083,359983,ONSCmN
rs9368828,6:34661449:A:T,-0.0307796,0.00250332,9.73E-35,T,A,6,-12.2955,359983,ONSCmN
rs34045288,6:40369081:C:T,0.0245831,0.00246786,2.27E-23,T,C,6,9.96132,359983,ONSCmN
rs72892910,6:50816887:G:T,0.0400873,0.00310065,3.16E-38,T,G,6,12.9287,359983,ONSCmN
rs1775255,6:51243035:G:T,0.0151427,0.00233771,9.33E-11,T,G,6,6.47756,359983,ONSCmN
rs7453694,6:51739528:C:T,0.0144256,0.00258775,2.48E-08,T,C,6,5.57456,359983,ONSCmN
rs2482398,6:83432845:C:A,-0.014427,0.00235408,8.88E-10,A,C,6,-6.12851,359983,ONSCmN
rs9342196,6:90124635:C:T,0.0165709,0.00297245,2.48E-08,T,C,6,5.57483,359983,ONSCmN
rs12662900,6:97757782:T:A,-0.0166873,0.00259084,1.19E-10,A,T,6,-6.44087,359983,ONSCmN
rs6938973,6:98421721:T:C,0.0188837,0.00238211,2.25E-15,C,T,6,7.9273,359983,ONSCmN
rs2253310,6:108888593:C:G,0.0176374,0.00241138,2.59E-13,G,C,6,7.31423,359983,ONSCmN
rs9489620,6:119524516:G:C,0.0151568,0.00234824,1.09E-10,C,G,6,6.45451,359983,ONSCmN
rs9388681,6:129387284:G:A,0.012983,0.00237001,4.30E-08,A,G,6,5.47805,359983,ONSCmN
rs2749929,6:131859814:T:C,0.0172008,0.00286179,1.85E-09,C,T,6,6.01052,359983,ONSCmN
rs765874,6:143185557:T:A,-0.0131262,0.00232907,1.74E-08,A,T,6,-5.63582,359983,ONSCmN
rs7755574,6:153364643:G:T,0.015695,0.00259461,1.46E-09,T,G,6,6.04906,359983,ONSCmN
rs9688977,6:154336892:T:C,0.0229107,0.00330925,4.42E-12,C,T,6,6.92325,359983,ONSCmN
rs13210756,6:163009030:T:A,-0.0207442,0.00354514,4.88E-09,A,T,6,-5.85145,359983,ONSCmN
rs6950388,7:1270699:G:A,0.0163845,0.00289492,1.52E-08,A,G,7,5.65975,359983,ONSCmN
rs17132130,7:2108036:G:C,-0.0214554,0.00282429,3.04E-14,C,G,7,-7.59675,359983,ONSCmN
rs4722398,7:3125220:C:T,0.0191993,0.00339492,1.56E-08,T,C,7,5.65531,359983,ONSCmN
rs215634,7:32369148:A:G,-0.0154523,0.00240226,1.26E-10,G,A,7,-6.4324,359983,ONSCmN
rs79682948,7:39307243:T:A,-0.0175143,0.00300553,5.64E-09,A,T,7,-5.82736,359983,ONSCmN
rs799449,7:44784697:C:T,0.0180386,0.00235422,1.83E-14,T,C,7,7.66223,359983,ONSCmN
rs1470749,7:50578023:G:T,-0.012942,0.00233351,2.92E-08,T,G,7,-5.54616,359983,ONSCmN
rs236660,7:75050086:T:C,0.0261609,0.00244674,1.12E-26,C,T,7,10.6922,359983,ONSCmN
rs147678035,7:76692376:A:G,0.0300091,0.00342811,2.07E-18,G,A,7,8.75385,359983,ONSCmN
rs6973656,7:77422583:A:G,0.0130177,0.00238059,4.55E-08,G,A,7,5.46826,359983,ONSCmN
rs3807652,7:77823117:C:T,-0.0147872,0.00267675,3.31E-08,T,C,7,-5.52433,359983,ONSCmN
rs2192649,7:78126279:T:G,0.0132666,0.00234351,1.51E-08,G,T,7,5.66098,359983,ONSCmN
rs3843540,7:99126640:T:C,-0.0230537,0.00328249,2.17E-12,C,T,7,-7.02322,359983,ONSCmN
rs39330,7:103449555:A:T,-0.018351,0.00236803,9.25E-15,T,A,7,-7.74947,359983,ONSCmN
rs12537134,7:112982130:A:G,-0.0165747,0.00235516,1.96E-12,G,A,7,-7.03762,359983,ONSCmN
rs2045293,7:114350102:C:T,0.0147125,0.0023713,5.50E-10,T,C,7,6.20442,359983,ONSCmN
rs7810870,7:133581473:C:G,-0.0192303,0.003428,2.03E-08,G,C,7,-5.60977,359983,ONSCmN
rs1805123,7:150645534:T:G,-0.0167613,0.00270424,5.72E-10,G,T,7,-6.19817,359983,ONSCmN
rs6601527,8:10665444:C:A,-0.0219895,0.00237338,1.96E-20,A,C,8,-9.26507,359983,ONSCmN
rs7461253,8:14088275:T:G,0.0154182,0.00241663,1.77E-10,G,T,8,6.38002,359983,ONSCmN
rs2616192,8:20668624:G:T,0.0146119,0.00249467,4.71E-09,T,G,8,5.85727,359983,ONSCmN
rs1425717,8:25657921:A:G,0.0141024,0.00252864,2.45E-08,G,A,8,5.57709,359983,ONSCmN
rs10954772,8:30863938:T:C,-0.0191062,0.00252683,4.00E-14,C,T,8,-7.56131,359983,ONSCmN
rs12681792,8:62054463:C:A,0.017136,0.00295628,6.78E-09,A,C,8,5.79647,359983,ONSCmN
rs791405,8:64720735:T:C,-0.0152366,0.00237119,1.31E-10,C,T,8,-6.4257,359983,ONSCmN
rs12679106,8:73443198:G:T,-0.0224199,0.00258211,3.88E-18,T,G,8,-8.68278,359983,ONSCmN
rs201519328,8:77223088:G:A,0.020304,0.00235239,6.09E-18,A,G,8,8.63121,359983,ONSCmN
rs77883185,8:85620323:C:T,0.0305821,0.00524965,5.70E-09,T,C,8,5.82556,359983,ONSCmN
rs9297524,8:89637919:T:C,-0.0139004,0.00254414,4.67E-08,C,T,8,-5.46372,359983,ONSCmN
rs35529153,8:95631476:A:G,-0.0175253,0.00242127,4.56E-13,G,A,8,-7.23809,359983,ONSCmN
rs17716502,8:116659731:C:T,-0.0232416,0.00289889,1.08E-15,T,C,8,-8.01741,359983,ONSCmN
rs11782074,8:142617096:G:T,0.0164629,0.00243223,1.30E-11,T,G,8,6.76864,359983,ONSCmN
rs13294945,9:15852777:T:G,-0.0225089,0.00243983,2.83E-20,G,T,9,-9.22559,359983,ONSCmN
rs1411432,9:16728532:A:C,0.0261007,0.00301554,4.93E-18,C,A,9,8.65539,359983,ONSCmN
rs17770336,9:28414625:C:T,0.0235688,0.00248514,2.46E-21,T,C,9,9.48387,359983,ONSCmN
rs55781253,9:34074987:T:A,0.0138168,0.00242094,1.15E-08,A,T,9,5.70718,359983,ONSCmN
rs13289199,9:37278064:A:T,-0.0139989,0.0024546,1.18E-08,T,A,9,-5.70312,359983,ONSCmN
rs7357754,9:92207308:A:G,0.0163351,0.00233758,2.79E-12,G,A,9,6.98804,359983,ONSCmN
rs2440589,9:94178987:C:T,-0.0133311,0.00235429,1.49E-08,T,C,9,-5.66247,359983,ONSCmN
rs2398861,9:96430747:A:G,0.0208612,0.00267854,6.81E-15,G,A,9,7.78829,359983,ONSCmN
rs3931548,9:103113652:C:A,0.0174818,0.00244984,9.63E-13,A,C,9,7.1359,359983,ONSCmN
rs7024334,9:109072075:T:G,-0.0174224,0.00281367,5.95E-10,G,T,9,-6.19204,359983,ONSCmN
rs2254331,9:120721339:A:C,0.0132091,0.00235263,1.97E-08,C,A,9,5.6146,359983,ONSCmN
rs1327808,9:120896390:A:G,0.0174881,0.00304007,8.80E-09,G,A,9,5.75253,359983,ONSCmN
rs7030732,9:124630006:C:A,-0.0151869,0.0023857,1.95E-10,A,C,9,-6.3658,359983,ONSCmN
rs3861879,9:129464856:A:G,0.0147012,0.00235853,4.57E-10,G,A,9,6.23321,359983,ONSCmN
rs2267958,9:131015279:G:A,-0.0133629,0.00238137,2.01E-08,A,G,9,-5.61144,359983,ONSCmN
rs6597653,9:133788465:G:C,0.0136769,0.00239112,1.07E-08,C,G,9,5.71985,359983,ONSCmN
rs4749937,10:10255003:T:G,-0.0152864,0.00273998,2.42E-08,G,T,10,-5.57901,359983,ONSCmN
rs2356376,10:16752483:G:A,0.0140315,0.00246619,1.27E-08,A,G,10,5.68955,359983,ONSCmN
rs11012732,10:21830104:A:G,0.0229005,0.00248124,2.73E-20,G,A,10,9.22948,359983,ONSCmN
rs12260817,10:33715975:G:A,0.0194017,0.00342213,1.43E-08,A,G,10,5.66947,359983,ONSCmN
rs61845249,10:34070990:T:C,-0.0148332,0.00247885,2.18E-09,C,T,10,-5.9839,359983,ONSCmN
rs4595495,10:53673286:A:G,0.0141131,0.00236214,2.31E-09,G,A,10,5.97469,359983,ONSCmN
rs10822129,10:64846841:C:T,-0.0148243,0.00240349,6.93E-10,T,C,10,-6.16782,359983,ONSCmN
rs112921972,10:76054961:C:T,0.0222331,0.00353965,3.36E-10,T,C,10,6.28117,359983,ONSCmN
rs17399739,10:87490850:A:G,0.0261693,0.00460145,1.29E-08,G,A,10,5.68719,359983,ONSCmN
rs2450447,10:93061949:C:T,-0.0154165,0.00261304,3.64E-09,T,C,10,-5.89982,359983,ONSCmN
rs2439823,10:99778226:A:G,0.0211996,0.00234749,1.71E-19,G,A,10,9.03076,359983,ONSCmN
rs61871615,10:102487140:C:T,-0.0273787,0.00423451,1.01E-10,T,C,10,-6.4656,359983,ONSCmN
rs10749233,10:118777998:G:C,-0.0181204,0.00276349,5.50E-11,C,G,10,-6.55706,359983,ONSCmN
rs845084,10:125220036:G:A,0.0196374,0.00267446,2.10E-13,A,G,10,7.34256,359983,ONSCmN
rs67609008,10:126640936:T:C,0.0149508,0.00259423,8.26E-09,C,T,10,5.7631,359983,ONSCmN
rs2035806,10:133984916:G:A,-0.0162086,0.00235626,6.04E-12,A,G,10,-6.87896,359983,ONSCmN
rs6591,11:840363:C:T,0.0153019,0.00235301,7.88E-11,T,C,11,6.50313,359983,ONSCmN
rs12575252,11:8694073:G:C,-0.0170336,0.00246247,4.61E-12,C,G,11,-6.91729,359983,ONSCmN
rs11826177,11:13349477:T:C,0.0178343,0.00244844,3.25E-13,C,T,11,7.28392,359983,ONSCmN
rs6265,11:27679916:C:T,-0.0405224,0.00297721,3.54E-42,T,C,11,-13.6109,359983,ONSCmN
rs491711,11:28742220:A:C,-0.0161604,0.00252989,1.68E-10,C,A,11,-6.38779,359983,ONSCmN
rs7942037,11:30430332:G:C,-0.0164304,0.00242552,1.25E-11,C,G,11,-6.77399,359983,ONSCmN
rs75936055,11:43678573:T:C,0.0242297,0.0025264,8.81E-22,C,T,11,9.59059,359983,ONSCmN
rs555754158,11:46141511:G:A,0.0644204,0.0113838,1.52E-08,A,G,11,5.65895,359983,ONSCmN
rs7124681,11:47529947:C:A,0.0263707,0.00236635,7.74E-29,A,C,11,11.144,359983,ONSCmN
rs34292685,11:64049021:C:T,-0.0185707,0.00315531,3.97E-09,T,C,11,-5.88556,359983,ONSCmN
rs2234458,11:65639374:C:T,-0.0212826,0.00242106,1.49E-18,T,C,11,-8.79061,359983,ONSCmN
rs1465900,11:76473138:A:C,-0.0160209,0.00287726,2.58E-08,C,A,11,-5.56811,359983,ONSCmN
rs10898330,11:84630335:C:T,-0.0138313,0.00234396,3.62E-09,T,C,11,-5.90084,359983,ONSCmN
rs61903695,11:89922417:A:G,0.0173415,0.00267067,8.41E-11,G,A,11,6.49334,359983,ONSCmN
rs1048932,11:115044850:C:A,-0.0166761,0.002367,1.85E-12,A,C,11,-7.04525,359983,ONSCmN
rs1799992,11:118957246:T:C,0.0151012,0.00238128,2.28E-10,C,T,11,6.34164,359983,ONSCmN
rs35483388,11:122545146:C:T,0.0135737,0.00241023,1.79E-08,T,C,11,5.63168,359983,ONSCmN
rs7940866,11:130817579:T:A,0.0172932,0.00234283,1.57E-13,A,T,11,7.38135,359983,ONSCmN
rs329651,11:133767622:G:T,0.0166308,0.00294713,1.67E-08,T,G,11,5.64305,359983,ONSCmN
rs12364470,11:134601012:T:G,0.0207609,0.00313696,3.64E-11,G,T,11,6.61817,359983,ONSCmN
rs55726687,12:991306:G:A,0.0242399,0.00285152,1.89E-17,A,G,12,8.50069,359983,ONSCmN
rs12422552,12:14413931:G:C,-0.0164836,0.00264133,4.36E-10,C,G,12,-6.24065,359983,ONSCmN
rs1458156,12:41887940:C:T,0.013723,0.00233386,4.11E-09,T,C,12,5.87994,359983,ONSCmN
rs7132908,12:50263148:G:A,0.0289005,0.00239766,1.88E-33,A,G,12,12.0536,359983,ONSCmN
rs2292238,12:56493822:A:C,-0.0188615,0.00237346,1.92E-15,C,A,12,-7.94686,359983,ONSCmN
rs317687,12:69724909:T:A,-0.0140053,0.0024633,1.30E-08,A,T,12,-5.68559,359983,ONSCmN
rs4761401,12:78203579:G:A,-0.0136584,0.00248968,4.11E-08,A,G,12,-5.48601,359983,ONSCmN
rs704061,12:89771903:T:C,0.0157881,0.00234182,1.57E-11,C,T,12,6.74181,359983,ONSCmN
rs1901241,12:97941390:A:G,0.0184738,0.00319308,7.23E-09,G,A,12,5.78557,359983,ONSCmN
rs7138383,12:103724090:G:A,-0.0206664,0.0026807,1.27E-14,A,G,12,-7.70936,359983,ONSCmN
rs55938344,12:108310327:A:C,-0.0177143,0.00273521,9.41E-11,C,A,12,-6.47638,359983,ONSCmN
rs11613680,12:121700858:G:A,0.0147824,0.00267559,3.30E-08,A,G,12,5.52492,359983,ONSCmN
rs147730268,12:123024476:G:T,-0.0356924,0.00419292,1.71E-17,T,G,12,-8.51254,359983,ONSCmN
rs3897102,12:123492112:C:T,0.015533,0.00238729,7.70E-11,T,C,12,6.50654,359983,ONSCmN
rs9579775,13:20616557:A:C,0.0235475,0.00353622,2.76E-11,C,A,13,6.65895,359983,ONSCmN
rs9507895,13:28018237:G:C,-0.0181788,0.0026192,3.91E-12,C,G,13,-6.94059,359983,ONSCmN
rs9506311,13:31015154:C:T,0.0168276,0.00267055,2.96E-10,T,C,13,6.30116,359983,ONSCmN
rs35193668,13:33092929:C:T,-0.0181552,0.00242484,7.05E-14,T,C,13,-7.48716,359983,ONSCmN
rs10507483,13:40759773:T:C,0.0175327,0.00312532,2.03E-08,C,T,13,5.6099,359983,ONSCmN
rs13353100,13:53826781:G:T,0.0136157,0.00246106,3.16E-08,T,G,13,5.53246,359983,ONSCmN
rs7987928,13:54372377:G:A,-0.0180598,0.00291277,5.65E-10,A,G,13,-6.20019,359983,ONSCmN
rs7995015,13:54828961:T:G,-0.0145738,0.00250629,6.07E-09,G,T,13,-5.81489,359983,ONSCmN
rs11148421,13:58626188:G:A,-0.0234513,0.00278108,3.40E-17,A,G,13,-8.43246,359983,ONSCmN
rs9527895,13:59367767:T:C,0.0175488,0.00306835,1.07E-08,C,T,13,5.71927,359983,ONSCmN
rs1949204,13:65475834:T:G,0.0156635,0.00273256,9.92E-09,G,T,13,5.73218,359983,ONSCmN
rs1441264,13:79580919:G:A,0.0197966,0.00242121,2.94E-16,A,G,13,8.17632,359983,ONSCmN
rs116394958,13:86477072:C:T,0.01657,0.0026115,2.23E-10,T,C,13,6.34502,359983,ONSCmN
rs7990098,13:96982541:T:G,0.0171349,0.00236865,4.70E-13,G,T,13,7.23404,359983,ONSCmN
rs7331420,13:99236471:G:A,-0.0150428,0.00258895,6.24E-09,A,G,13,-5.8104,359983,ONSCmN
rs9522183,13:111977280:G:T,-0.0158959,0.00236307,1.74E-11,T,G,13,-6.7268,359983,ONSCmN
rs9522279,13:112221296:C:T,0.0171396,0.0023644,4.21E-13,T,C,13,7.24904,359983,ONSCmN
rs8015400,14:25930988:C:A,0.0218503,0.00249833,2.22E-18,A,C,14,8.74594,359983,ONSCmN
rs145946602,14:33269271:A:C,0.0181226,0.00290545,4.45E-10,C,A,14,6.23744,359983,ONSCmN
rs2933223,14:47358474:T:C,0.0166899,0.00236434,1.68E-12,C,T,14,7.05899,359983,ONSCmN
rs217672,14:62361021:A:C,0.0161667,0.00262374,7.21E-10,C,A,14,6.16169,359983,ONSCmN
rs2333012,14:73409613:G:A,-0.0155335,0.00249947,5.15E-10,A,G,14,-6.21469,359983,ONSCmN
rs7141420,14:79899454:C:T,0.0210376,0.00235398,4.02E-19,T,C,14,8.937,359983,ONSCmN
rs1286138,14:91485445:T:G,0.0175232,0.00248953,1.94E-12,G,T,14,7.03876,359983,ONSCmN
rs6575340,14:94023972:G:A,0.0204537,0.00242858,3.71E-17,A,G,14,8.42209,359983,ONSCmN
rs12881629,14:101146413:A:G,0.0256164,0.00424863,1.65E-09,G,A,14,6.02934,359983,ONSCmN
rs3803286,14:103246470:A:G,-0.0197199,0.00247106,1.46E-15,G,A,14,-7.98035,359983,ONSCmN
rs3759584,14:103990799:T:C,-0.0157826,0.00243826,9.63E-11,C,T,14,-6.47291,359983,ONSCmN
rs8027969,15:26980098:C:T,-0.0144913,0.00258463,2.06E-08,T,C,15,-5.60672,359983,ONSCmN
rs7183417,15:46586088:C:T,0.015542,0.00235429,4.07E-11,T,C,15,6.60158,359983,ONSCmN
rs55689274,15:47758909:G:A,-0.0149308,0.00258562,7.72E-09,A,G,15,-5.77455,359983,ONSCmN
rs117632017,15:52260107:G:A,0.036023,0.00622158,7.04E-09,A,G,15,5.79,359983,ONSCmN
rs113182412,15:66503584:G:A,-0.0178784,0.00318858,2.06E-08,A,G,15,-5.60701,359983,ONSCmN
rs4776970,15:68080886:A:T,-0.0242312,0.00243325,2.33E-23,T,A,15,-9.95836,359983,ONSCmN
rs4777541,15:73082240:C:T,0.018013,0.0027553,6.26E-11,T,C,15,6.53757,359983,ONSCmN
rs11855853,15:78012618:C:T,-0.0187364,0.00263541,1.17E-12,T,C,15,-7.10948,359983,ONSCmN
rs2870111,15:79403585:C:T,-0.0157228,0.0023736,3.50E-11,T,C,15,-6.62404,359983,ONSCmN
rs7498044,15:92573639:G:A,-0.0178966,0.00284417,3.13E-10,A,G,15,-6.29239,359983,ONSCmN
rs2046002,15:95272235:T:C,-0.0141146,0.00243298,6.58E-09,C,T,15,-5.80136,359983,ONSCmN
rs56803094,15:99222509:A:G,-0.0184648,0.0027875,3.50E-11,G,A,15,-6.62416,359983,ONSCmN
rs12926311,16:406427:G:C,-0.0170196,0.00244253,3.22E-12,C,G,16,-6.96803,359983,ONSCmN
rs879620,16:4015729:C:T,0.0246551,0.00240477,1.16E-24,T,C,16,10.2526,359983,ONSCmN
rs7193783,16:4949608:A:C,-0.014762,0.00245422,1.80E-09,C,A,16,-6.01494,359983,ONSCmN
rs4613074,16:19942527:T:C,-0.0202432,0.00300762,1.69E-11,C,T,16,-6.73065,359983,ONSCmN
rs2342892,16:24540806:T:G,-0.0141783,0.00233073,1.18E-09,G,T,16,-6.08319,359983,ONSCmN
rs62037365,16:28868962:C:G,0.026919,0.00237859,1.09E-29,G,C,16,11.3172,359983,ONSCmN
rs4402589,16:29954654:T:G,0.0272867,0.00234563,2.84E-31,G,T,16,11.633,359983,ONSCmN
rs11642015,16:53802494:C:T,0.0728177,0.0023744,2.83E-206,T,C,16,30.6678,359983,ONSCmN
rs117342986,16:54267868:C:T,0.0423505,0.00758045,2.31E-08,T,C,16,5.5868,359983,ONSCmN
rs7189149,16:69144151:C:G,0.0217032,0.00349899,5.56E-10,G,C,16,6.2027,359983,ONSCmN
rs862320,16:69651866:C:T,-0.0232968,0.00237429,1.00E-22,T,C,16,-9.81213,359983,ONSCmN
rs756717,16:72996162:G:A,-0.0155056,0.00240809,1.20E-10,A,G,16,-6.43896,359983,ONSCmN
rs11150461,16:82448195:C:G,-0.0155195,0.00262818,3.53E-09,G,C,16,-5.90505,359983,ONSCmN
rs4790841,17:1835482:C:T,-0.0284624,0.00322913,1.21E-18,T,C,17,-8.81426,359983,ONSCmN
rs11078883,17:2138828:C:G,0.0151475,0.00245794,7.16E-10,G,C,17,6.16267,359983,ONSCmN
rs7774,17:4801163:C:A,0.0158604,0.00253736,4.09E-10,A,C,17,6.25076,359983,ONSCmN
rs1075901,17:15943910:T:C,0.012811,0.00234775,4.85E-08,C,T,17,5.4567,359983,ONSCmN
rs8078135,17:21268583:C:T,-0.018404,0.00233952,3.65E-15,T,C,17,-7.86657,359983,ONSCmN
rs11656076,17:31464270:G:A,-0.0162686,0.00279565,5.92E-09,A,G,17,-5.81924,359983,ONSCmN
rs34966008,17:34919623:C:T,-0.0193577,0.00236957,3.11E-16,T,C,17,-8.1693,359983,ONSCmN
rs11653258,17:44017725:G:T,-0.0155397,0.00283976,4.45E-08,T,G,17,-5.47219,359983,ONSCmN
rs56161855,17:46288649:A:T,0.0235762,0.00344292,7.51E-12,T,A,17,6.84774,359983,ONSCmN
rs11079849,17:47090785:C:T,-0.0205097,0.00248643,1.61E-16,T,C,17,-8.24867,359983,ONSCmN
rs2332306,17:52937056:A:G,0.0186682,0.00320913,5.99E-09,G,A,17,5.81722,359983,ONSCmN
rs55931203,17:65854602:C:T,0.0201042,0.00301763,2.70E-11,T,C,17,6.66224,359983,ONSCmN
rs11150745,17:78757626:A:G,-0.0211852,0.00250326,2.61E-17,G,A,17,-8.46306,359983,ONSCmN
rs9319615,17:79072594:A:C,-0.0134991,0.00234204,8.23E-09,C,A,17,-5.76382,359983,ONSCmN
rs60764613,18:1839911:G:T,0.0242864,0.00332139,2.64E-13,T,G,18,7.31211,359983,ONSCmN
rs2155869,18:13199302:T:C,-0.018566,0.00301927,7.80E-10,C,T,18,-6.14919,359983,ONSCmN
rs1788808,18:21090023:A:G,-0.0198777,0.00233495,1.70E-17,G,A,18,-8.51312,359983,ONSCmN
rs1389067,18:31262552:A:G,0.0142159,0.00237269,2.08E-09,G,A,18,5.99147,359983,ONSCmN
rs7237783,18:39605066:A:G,0.0231861,0.00358589,1.01E-10,G,A,18,6.46593,359983,ONSCmN
rs2247593,18:42946757:A:G,-0.0143581,0.00258844,2.91E-08,G,A,18,-5.54699,359983,ONSCmN
rs784257,18:53397199:T:C,0.0170913,0.00300224,1.25E-08,C,T,18,5.69284,359983,ONSCmN
rs58084604,18:57849429:C:T,0.0535088,0.00275067,3.03E-84,T,C,18,19.4531,359983,ONSCmN
rs57636386,18:58048295:T:C,-0.0445274,0.00422833,6.29E-26,C,T,18,-10.5307,359983,ONSCmN
rs1942826,18:63345799:G:A,0.0193306,0.00353906,4.71E-08,A,G,18,5.46209,359983,ONSCmN
rs11666480,19:1856554:C:G,0.0196869,0.00234804,5.12E-17,G,C,19,8.38437,359983,ONSCmN
rs45486197,19:2244849:G:A,0.0267035,0.00472968,1.64E-08,A,G,19,5.64594,359983,ONSCmN
rs73534156,19:4058652:T:C,-0.0235619,0.00297437,2.35E-15,C,T,19,-7.92166,359983,ONSCmN
rs273505,19:18217147:T:C,0.0180294,0.0023601,2.19E-14,C,T,19,7.63924,359983,ONSCmN
rs113230003,19:18460956:G:A,-0.0203309,0.00267538,2.99E-14,A,G,19,-7.59927,359983,ONSCmN
rs10404726,19:18834514:C:T,-0.0194103,0.00233573,9.59E-17,T,C,19,-8.31017,359983,ONSCmN
rs56212061,19:19394640:C:T,-0.0219593,0.00327183,1.93E-11,T,C,19,-6.71163,359983,ONSCmN
rs111640872,19:30290357:G:C,0.0201365,0.00248256,5.03E-16,C,G,19,8.11119,359983,ONSCmN
rs11084554,19:31019807:G:A,-0.0215909,0.00320919,1.72E-11,A,G,19,-6.72783,359983,ONSCmN
rs34095326,19:45395844:G:A,-0.0253195,0.00368311,6.23E-12,A,G,19,-6.87448,359983,ONSCmN
rs112693590,19:46274553:G:A,-0.0332763,0.00551155,1.57E-09,A,G,19,-6.03756,359983,ONSCmN
rs3810291,19:47569003:G:A,0.0293343,0.00248906,4.71E-32,A,G,19,11.7853,359983,ONSCmN
rs2153740,20:2126089:A:G,-0.0129995,0.00234485,2.96E-08,G,A,20,-5.54383,359983,t2AuL4
rs1884897,20:6612832:A:G,0.020258,0.00241783,5.38E-17,G,A,20,8.37858,359983,t2AuL4
rs6050446,20:25195509:A:G,0.0403789,0.0065631,7.64E-10,G,A,20,6.15241,359983,t2AuL4
rs6142059,20:32544327:T:C,0.01563,0.00233344,2.11E-11,C,T,20,6.69827,359983,t2AuL4
rs67844506,20:51103807:A:G,-0.0266536,0.00301179,8.81E-19,G,A,20,-8.84974,359983,t2AuL4
rs150998792,20:62130403:G:T,-0.0320534,0.00549788,5.54E-09,T,G,20,-5.83013,359983,t2AuL4
rs8134638,21:40644170:T:C,0.0147544,0.00240545,8.59E-10,C,T,21,6.13373,359983,t2AuL4
rs2837398,21:41427168:A:C,0.0130101,0.00237256,4.17E-08,C,A,21,5.48355,359983,t2AuL4
rs76040172,21:46488959:G:A,-0.0390671,0.00515979,3.70E-14,A,G,21,-7.57145,359983,t2AuL4
rs6001870,22:40695172:A:C,-0.0175989,0.00247581,1.18E-12,C,A,22,-7.10835,359983,t2AuL4
rs28489620,22:41804716:G:A,-0.0153379,0.00258456,2.95E-09,A,G,22,-5.93444,359983,t2AuL4